Workbook

Sheet NOTE
C3: This project is a demonstration model prepared using simulated data to ensure data privacy and confidentiality. The original implementation supports multiple firm-level data management integrated into a parent company structure with comprehensive inventory, sales, and reconciliation tracking.

Sheet HOW PROJECT IS WORKING
B2: SEPTEMBER BALANCE AND OPENING | D2: RTO AND OLD STOCK OCTOBER | F2: DTO OCTOBER 2024 | H2: MASTER GOOD OCOTBER 2024
B3: IMAGE : Here company product image is uploaded | D3: IMAGE : Here company product image is uploaded | F3: IMAGE : Here company product image is uploaded | H3: IMAGE : Here company product image is uploaded
B5: NO : It is an proper image no or we can say unique number of company so according to this all the things we can identify | D5: NO : It is an proper image no or we can say unique number of company so according to this all the things we can identify | F5: NO : It is an proper image no or we can say unique number of company so according to this all the things we can identify | H5: NO : It is an proper image no or we can say unique number of company so according to this all the things we can identify
B7: SrNo : Its an simple serial number of each product | D7: SrNo : Its an simple serial number of each product | F7: SrNo : Its an simple serial number of each product | H7: SrNo : Its an simple serial number of each product
B9: Product Name : it contains product name with there specific colour | D9: Product Name : it contains product name with there specific colour | F9: Product Name : it contains product name with there specific colour | H9: Product Name : it contains product name with there specific colour
B11: Opening Stock : this contain opening stock means in this column we take (LAST MONTH STOCK + RTO + DTO + MASTER GOODS) Let's understand this how this colum will work 1. last month stock = stock which has not sell in last month will continue to this month. 2. RTO = this is company return to orgin orders which will added to company stock. 3. DTO = this is company delivered to orgin orders which will me added to company stock. 4. MASTER GOOD = this is a good which company prepaid daily and it will aslo added to stock. [='RTO AND OLD STOCK OCTOBER'!AL4+'DTO OCTOBER 2024'!AK4+'MASTER GOOD OCOTBER 2024'!AK4] | D11: OLD STOCK : this column contain last month stock count | F11: NO NEED OF THIS COLUMN IN THIS SHEET | H11: NO NEED OF THIS COLUMN IN THIS SHEET
B13: 1-31 SELLING : It is a selling column this column contain daily sales of company.(1-31 is a date) | D13: 1-31 RTO : It is a RTO column this column contain daily return to order of company which will be added to opening stock.(1-31 is a date) | F13: 1-31 DTO : It is a DTO column this column contain daily delivered to order of company which will be added to opening stock.(1-31 is a date) | H13: 1-31 MASTER GOODS : It is a master goods column this column contain daily prepaired order of company which will be added to opening stock.(1-31 is a date)
B15: PRESENT STOCK : it means after sell how much is now stock is remaning or we can say todays stock (opening stock - 1-31 selling) [=MAX(0,F4-SUM(G4:AK4))] | D15: Opening Stock : this column contains last month stock and rto of company and it is a column which has passed on the SEPTEMBER BALANCE AND OPENING sheet [=F4+SUM(G4:AK4)] | F15: NO NEED OF THIS COLUMN IN THIS SHEET | H15: NO NEED OF THIS COLUMN IN THIS SHEET
B17: TOTAL = this column contains total sale of the month [=SUM(G4:AK4)] | D17: TOTAL = this column contains total RTO of the month [=SUM(G4:AK4)] | F17: TOTAL = this column contains total DTO of the month [=SUM(F4:AJ4)] | H17: TOTAL = this column contains total master good of the month [=SUM(F4:AJ4)]
B19: GRAND TOTAL : this contain parent product total sale count [=SUM(AM4:AM11)] | D19: GRAND TOTAL : this contain parent product total RTO count [=SUM(AM4:AM11)] | F19: GRAND TOTAL : this contain parent product total DTO count [=SUM(AK4:AK11)] | H19: GRAND TOTAL : this contain parent product total master good count [=SUM(AK4:AK11)]

Sheet SEPTEMBER BALANCE AND OPENING
A2: SEPTEMBER BALANCE AND OPENING STOCK OCTOBER 2024
A3: IMAGE | C3: NO | D3: SrNo | E3: Product Name | F3: opening stock | G3: 1 | H3: 2 | I3: 3 | J3: 4 | K3: 5 | L3: 6 | M3: 7 | N3: 8 | O3: 9 | P3: 10 | Q3: 11 | R3: 12 | S3: 13 | T3: 14 | U3: 15 | V3: 16 | W3: 17 | X3: 18 | Y3: 19 | Z3: 20 | AA3: 21 | AB3: 22 | AC3: 23 | AD3: 24 | AE3: 25 | AF3: 26 | AG3: 27 | AH3: 28 | AI3: 29 | AJ3: 30 | AK3: 31 | AL3: PRESENT STOCK | AM3: TOTAL | AN3: GRAND TOTAL
C4: 1 | D4: 1 | E4: zip smoking white | F4: ='RTO AND OLD STOCK OCTOBER'!AL4+'DTO OCTOBER 2024'!AK4+'MASTER GOOD OCOTBER 2024'!AK4 -> 50004 | G4: 0 | H4: 0 | I4: 0 | J4: 0 | K4: 0 | L4: 0 | M4: 20000 | N4: 0 | O4: 0 | P4: 0 | Q4: 0 | R4: 0 | S4: 0 | T4: 0 | U4: 0 | V4: 0 | W4: 0 | X4: 0 | Y4: 0 | Z4: 0 | AA4: 0 | AB4: 0 | AC4: 0 | AD4: 0 | AE4: 0 | AF4: 0 | AG4: 0 | AH4: 0 | AI4: 0 | AJ4: 0 | AK4: 0 | AL4: =MAX(0,F4-SUM(G4:AK4)) -> 30004 | AM4: =SUM(G4:AK4) -> 20000 | AN4: =SUM(AM4:AM11) -> 20066
D5: 2 | E5: zip smoking orange | F5: ='RTO AND OLD STOCK OCTOBER'!AL5+'DTO OCTOBER 2024'!AK5+'MASTER GOOD OCOTBER 2024'!AK5 -> 1 | G5: 0 | H5: 0 | I5: 0 | J5: 0 | K5: 0 | L5: 1 | M5: 0 | N5: 0 | O5: 0 | P5: 0 | Q5: 0 | R5: 0 | S5: 0 | T5: 0 | U5: 0 | V5: 0 | W5: 0 | X5: 0 | Y5: 0 | Z5: 0 | AA5: 0 | AB5: 0 | AC5: 0 | AD5: 0 | AE5: 0 | AF5: 0 | AG5: 0 | AH5: 0 | AI5: 0 | AJ5: 0 | AK5: 0 | AL5: =MAX(0,F5-SUM(G5:AK5)) -> 0 | AM5: =SUM(G5:AK5) -> 1
D6: 3 | E6: zip smoking pink | F6: ='RTO AND OLD STOCK OCTOBER'!AL6+'DTO OCTOBER 2024'!AK6+'MASTER GOOD OCOTBER 2024'!AK6 -> 25 | G6: 3 | H6: 2 | I6: 1 | J6: 0 | K6: 0 | L6: 2 | M6: 0 | N6: 1 | O6: 0 | P6: 1 | Q6: 0 | R6: 0 | S6: 3 | T6: 0 | U6: 0 | V6: 0 | W6: 1 | X6: 0 | Y6: 0 | Z6: 3 | AA6: 2 | AB6: 1 | AC6: 0 | AD6: 1 | AE6: 0 | AF6: 0 | AG6: 1 | AH6: 0 | AI6: 2 | AJ6: 0 | AK6: 1 | AL6: =MAX(0,F6-SUM(G6:AK6)) -> 0 | AM6: =SUM(G6:AK6) -> 25
D7: 4 | E7: zip smoking navy | F7: ='RTO AND OLD STOCK OCTOBER'!AL7+'DTO OCTOBER 2024'!AK7+'MASTER GOOD OCOTBER 2024'!AK7 -> 17 | G7: 0 | H7: 0 | I7: 0 | J7: 0 | K7: 0 | L7: 0 | M7: 0 | N7: 1 | O7: 0 | P7: 0 | Q7: 0 | R7: 0 | S7: 0 | T7: 0 | U7: 0 | V7: 1 | W7: 0 | X7: 0 | Y7: 0 | Z7: 0 | AA7: 0 | AB7: 0 | AC7: 0 | AD7: 0 | AE7: 0 | AF7: 0 | AG7: 0 | AH7: 0 | AI7: 0 | AJ7: 0 | AK7: 0 | AL7: =MAX(0,F7-SUM(G7:AK7)) -> 15 | AM7: =SUM(G7:AK7) -> 2
D8: 5 | E8: zip smoking black | F8: ='RTO AND OLD STOCK OCTOBER'!AL8+'DTO OCTOBER 2024'!AK8+'MASTER GOOD OCOTBER 2024'!AK8 -> 40 | G8: 1 | H8: 5 | I8: 1 | J8: 3 | K8: 2 | L8: 0 | M8: 0 | N8: 0 | O8: 3 | P8: 1 | Q8: 1 | R8: 0 | S8: 1 | T8: 0 | U8: 0 | V8: 2 | W8: 1 | X8: 3 | Y8: 0 | Z8: 1 | AA8: 1 | AB8: 0 | AC8: 0 | AD8: 0 | AE8: 0 | AF8: 0 | AG8: 2 | AH8: 0 | AI8: 1 | AJ8: 0 | AK8: 1 | AL8: =MAX(0,F8-SUM(G8:AK8)) -> 10 | AM8: =SUM(G8:AK8) -> 30
D9: 6 | E9: zip smoking red flower | F9: ='RTO AND OLD STOCK OCTOBER'!AL9+'DTO OCTOBER 2024'!AK9+'MASTER GOOD OCOTBER 2024'!AK9 -> 10 | G9: 0 | H9: 0 | I9: 0 | J9: 0 | K9: 0 | L9: 0 | M9: 0 | N9: 0 | O9: 0 | P9: 0 | Q9: 0 | R9: 0 | S9: 0 | T9: 0 | U9: 0 | V9: 0 | W9: 0 | X9: 0 | Y9: 0 | Z9: 0 | AA9: 0 | AB9: 0 | AC9: 0 | AD9: 0 | AE9: 0 | AF9: 0 | AG9: 0 | AH9: 0 | AI9: 0 | AJ9: 0 | AK9: 0 | AL9: =MAX(0,F9-SUM(G9:AK9)) -> 10 | AM9: =SUM(G9:AK9) -> 0
D10: 7 | E10: zip smoking yellow | F10: ='RTO AND OLD STOCK OCTOBER'!AL10+'DTO OCTOBER 2024'!AK10+'MASTER GOOD OCOTBER 2024'!AK10 -> 10 | G10: 0 | H10: 0 | I10: 1 | J10: 0 | K10: 0 | L10: 2 | M10: 0 | N10: 1 | O10: 1 | P10: 0 | Q10: 0 | R10: 0 | S10: 0 | T10: 0 | U10: 0 | V10: 0 | W10: 1 | X10: 0 | Y10: 0 | Z10: 0 | AA10: 1 | AB10: 1 | AC10: 0 | AD10: 0 | AE10: 0 | AF10: 0 | AG10: 0 | AH10: 0 | AI10: 0 | AJ10: 0 | AK10: 0 | AL10: =MAX(0,F10-SUM(G10:AK10)) -> 2 | AM10: =SUM(G10:AK10) -> 8
D11: 8 | E11: zip smoking grey | F11: ='RTO AND OLD STOCK OCTOBER'!AL11+'DTO OCTOBER 2024'!AK11+'MASTER GOOD OCOTBER 2024'!AK11 -> 5 | G11: 0 | H11: 0 | I11: 0 | J11: 0 | K11: 0 | L11: 0 | M11: 0 | N11: 0 | O11: 0 | P11: 0 | Q11: 0 | R11: 0 | S11: 0 | T11: 0 | U11: 0 | V11: 0 | W11: 0 | X11: 0 | Y11: 0 | Z11: 0 | AA11: 0 | AB11: 0 | AC11: 0 | AD11: 0 | AE11: 0 | AF11: 0 | AG11: 0 | AH11: 0 | AI11: 0 | AJ11: 0 | AK11: 0 | AL11: =MAX(0,F11-SUM(G11:AK11)) -> 5 | AM11: =SUM(G11:AK11) -> 0
C12: 2 | D12: 9 | E12: dori redblack checks shirt | F12: ='RTO AND OLD STOCK OCTOBER'!AL12+'DTO OCTOBER 2024'!AK12+'MASTER GOOD OCOTBER 2024'!AK12 -> 100 | G12: 30 | H12: 17 | I12: 12 | J12: 0 | K12: 0 | L12: 0 | M12: 0 | N12: 0 | O12: 0 | P12: 1 | Q12: 0 | R12: 0 | S12: 0 | T12: 0 | U12: 0 | V12: 0 | W12: 0 | X12: 0 | Y12: 0 | Z12: 0 | AA12: 0 | AB12: 0 | AC12: 0 | AD12: 0 | AE12: 0 | AF12: 0 | AG12: 0 | AH12: 0 | AI12: 0 | AJ12: 0 | AK12: 1 | AL12: =MAX(0,F12-SUM(G12:AK12)) -> 39 | AM12: =SUM(G12:AK12) -> 61 | AN12: =SUM(AM12:AM14) -> 345
D13: 10 | E13: dori black checks shirt | F13: ='RTO AND OLD STOCK OCTOBER'!AL13+'DTO OCTOBER 2024'!AK13+'MASTER GOOD OCOTBER 2024'!AK13 -> 3624 | G13: 9 | H13: 11 | I13: 24 | J13: 16 | K13: 17 | L13: 11 | M13: 14 | N13: 11 | O13: 8 | P13: 4 | Q13: 6 | R13: 3 | S13: 1 | T13: 6 | U13: 2 | V13: 8 | W13: 13 | X13: 9 | Y13: 10 | Z13: 9 | AA13: 13 | AB13: 16 | AC13: 6 | AD13: 9 | AE13: 2 | AF13: 9 | AG13: 11 | AH13: 7 | AI13: 8 | AJ13: 5 | AK13: 6 | AL13: =MAX(0,F13-SUM(G13:AK13)) -> 3340 | AM13: =SUM(G13:AK13) -> 284
D14: 11 | E14: dori red checks shirt | F14: ='RTO AND OLD STOCK OCTOBER'!AL14+'DTO OCTOBER 2024'!AK14+'MASTER GOOD OCOTBER 2024'!AK14 -> 5 | G14: 0 | H14: 0 | I14: 0 | J14: 0 | K14: 0 | L14: 0 | M14: 0 | N14: 0 | O14: 0 | P14: 0 | Q14: 0 | R14: 0 | S14: 0 | T14: 0 | U14: 0 | V14: 0 | W14: 0 | X14: 0 | Y14: 0 | Z14: 0 | AA14: 0 | AB14: 0 | AC14: 0 | AD14: 0 | AE14: 0 | AF14: 0 | AG14: 0 | AH14: 0 | AI14: 0 | AJ14: 0 | AK14: 0 | AL14: =MAX(0,F14-SUM(G14:AK14)) -> 5 | AM14: =SUM(G14:AK14) -> 0
C15: 3 | D15: 12 | E15: bsy long jacket middi green | F15: ='RTO AND OLD STOCK OCTOBER'!AL15+'DTO OCTOBER 2024'!AK15+'MASTER GOOD OCOTBER 2024'!AK15 -> 10 | G15: 0 | H15: 0 | I15: 0 | J15: 0 | K15: 0 | L15: 1 | M15: 0 | N15: 0 | O15: 0 | P15: 0 | Q15: 0 | R15: 1 | S15: 0 | T15: 0 | U15: 0 | V15: 0 | W15: 0 | X15: 1 | Y15: 0 | Z15: 1 | AA15: 0 | AB15: 2 | AC15: 0 | AD15: 0 | AE15: 2 | AF15: 0 | AG15: 0 | AH15: 1 | AI15: 0 | AJ15: 0 | AK15: 0 | AL15: =MAX(0,F15-SUM(G15:AK15)) -> 1 | AM15: =SUM(G15:AK15) -> 9 | AN15: =SUM(AM15:AM21) -> 9
D16: 13 | E16: bsy long jacket middi pista | F16: ='RTO AND OLD STOCK OCTOBER'!AL16+'DTO OCTOBER 2024'!AK16+'MASTER GOOD OCOTBER 2024'!AK16 -> 1 | G16: 0 | H16: 0 | I16: 0 | J16: 0 | K16: 0 | L16: 0 | M16: 0 | N16: 0 | O16: 0 | P16: 0 | Q16: 0 | R16: 0 | S16: 0 | T16: 0 | U16: 0 | V16: 0 | W16: 0 | X16: 0 | Y16: 0 | Z16: 0 | AA16: 0 | AB16: 0 | AC16: 0 | AD16: 0 | AE16: 0 | AF16: 0 | AG16: 0 | AH16: 0 | AI16: 0 | AJ16: 0 | AK16: 0 | AL16: =MAX(0,F16-SUM(G16:AK16)) -> 1 | AM16: =SUM(G16:AK16) -> 0
D17: 14 | E17: bsy long jacket wine | F17: ='RTO AND OLD STOCK OCTOBER'!AL17+'DTO OCTOBER 2024'!AK17+'MASTER GOOD OCOTBER 2024'!AK17 -> 3 | G17: 0 | H17: 0 | I17: 0 | J17: 0 | K17: 0 | L17: 0 | M17: 0 | N17: 0 | O17: 0 | P17: 0 | Q17: 0 | R17: 0 | S17: 0 | T17: 0 | U17: 0 | V17: 0 | W17: 0 | X17: 0 | Y17: 0 | Z17: 0 | AA17: 0 | AB17: 0 | AC17: 0 | AD17: 0 | AE17: 0 | AF17: 0 | AG17: 0 | AH17: 0 | AI17: 0 | AJ17: 0 | AK17: 0 | AL17: =MAX(0,F17-SUM(G17:AK17)) -> 3 | AM17: =SUM(G17:AK17) -> 0
D18: 15 | E18: bsy long jacket orange | F18: ='RTO AND OLD STOCK OCTOBER'!AL18+'DTO OCTOBER 2024'!AK18+'MASTER GOOD OCOTBER 2024'!AK18 -> 18 | G18: 0 | H18: 0 | I18: 0 | J18: 0 | K18: 0 | L18: 0 | M18: 0 | N18: 0 | O18: 0 | P18: 0 | Q18: 0 | R18: 0 | S18: 0 | T18: 0 | U18: 0 | V18: 0 | W18: 0 | X18: 0 | Y18: 0 | Z18: 0 | AA18: 0 | AB18: 0 | AC18: 0 | AD18: 0 | AE18: 0 | AF18: 0 | AG18: 0 | AH18: 0 | AI18: 0 | AJ18: 0 | AK18: 0 | AL18: =MAX(0,F18-SUM(G18:AK18)) -> 18 | AM18: =SUM(G18:AK18) -> 0
D19: 16 | E19: bsy long jacket yellow | F19: ='RTO AND OLD STOCK OCTOBER'!AL19+'DTO OCTOBER 2024'!AK19+'MASTER GOOD OCOTBER 2024'!AK19 -> 8 | G19: 0 | H19: 0 | I19: 0 | J19: 0 | K19: 0 | L19: 0 | M19: 0 | N19: 0 | O19: 0 | P19: 0 | Q19: 0 | R19: 0 | S19: 0 | T19: 0 | U19: 0 | V19: 0 | W19: 0 | X19: 0 | Y19: 0 | Z19: 0 | AA19: 0 | AB19: 0 | AC19: 0 | AD19: 0 | AE19: 0 | AF19: 0 | AG19: 0 | AH19: 0 | AI19: 0 | AJ19: 0 | AK19: 0 | AL19: =MAX(0,F19-SUM(G19:AK19)) -> 8 | AM19: =SUM(G19:AK19) -> 0
D20: 17 | E20: bsy long jacket pink | F20: ='RTO AND OLD STOCK OCTOBER'!AL20+'DTO OCTOBER 2024'!AK20+'MASTER GOOD OCOTBER 2024'!AK20 -> 0 | G20: 0 | H20: 0 | I20: 0 | J20: 0 | K20: 0 | L20: 0 | M20: 0 | N20: 0 | O20: 0 | P20: 0 | Q20: 0 | R20: 0 | S20: 0 | T20: 0 | U20: 0 | V20: 0 | W20: 0 | X20: 0 | Y20: 0 | Z20: 0 | AA20: 0 | AB20: 0 | AC20: 0 | AD20: 0 | AE20: 0 | AF20: 0 | AG20: 0 | AH20: 0 | AI20: 0 | AJ20: 0 | AK20: 0 | AL20: =MAX(0,F20-SUM(G20:AK20)) -> 0 | AM20: =SUM(G20:AK20) -> 0
D21: 18 | E21: bsy long jacket grey | F21: ='RTO AND OLD STOCK OCTOBER'!AL21+'DTO OCTOBER 2024'!AK21+'MASTER GOOD OCOTBER 2024'!AK21 -> 0 | G21: 0 | H21: 0 | I21: 0 | J21: 0 | K21: 0 | L21: 0 | M21: 0 | N21: 0 | O21: 0 | P21: 0 | Q21: 0 | R21: 0 | S21: 0 | T21: 0 | U21: 0 | V21: 0 | W21: 0 | X21: 0 | Y21: 0 | Z21: 0 | AA21: 0 | AB21: 0 | AC21: 0 | AD21: 0 | AE21: 0 | AF21: 0 | AG21: 0 | AH21: 0 | AI21: 0 | AJ21: 0 | AK21: 0 | AL21: =MAX(0,F21-SUM(G21:AK21)) -> 0 | AM21: =SUM(G21:AK21) -> 0
C22: 4 | D22: 19 | E22: rumali white | F22: ='RTO AND OLD STOCK OCTOBER'!AL22+'DTO OCTOBER 2024'!AK22+'MASTER GOOD OCOTBER 2024'!AK22 -> 280 | G22: 0 | H22: 0 | I22: 0 | J22: 1 | K22: 2 | L22: 0 | M22: 1 | N22: 0 | O22: 0 | P22: 0 | Q22: 0 | R22: 0 | S22: 0 | T22: 0 | U22: 0 | V22: 1 | W22: 1 | X22: 2 | Y22: 0 | Z22: 0 | AA22: 0 | AB22: 0 | AC22: 0 | AD22: 0 | AE22: 0 | AF22: 2 | AG22: 0 | AH22: 0 | AI22: 0 | AJ22: 0 | AK22: 1 | AL22: =MAX(0,F22-SUM(G22:AK22)) -> 269 | AM22: =SUM(G22:AK22) -> 11 | AN22: =SUM(AM22:AM25) -> 30
D23: 20 | E23: rumali wine | F23: ='RTO AND OLD STOCK OCTOBER'!AL23+'DTO OCTOBER 2024'!AK23+'MASTER GOOD OCOTBER 2024'!AK23 -> 43 | G23: 0 | H23: 0 | I23: 1 | J23: 0 | K23: 1 | L23: 0 | M23: 1 | N23: 0 | O23: 0 | P23: 0 | Q23: 0 | R23: 0 | S23: 0 | T23: 0 | U23: 0 | V23: 0 | W23: 0 | X23: 1 | Y23: 0 | Z23: 0 | AA23: 2 | AB23: 2 | AC23: 1 | AD23: 0 | AE23: 0 | AF23: 3 | AG23: 0 | AH23: 1 | AI23: 0 | AJ23: 0 | AK23: 0 | AL23: =MAX(0,F23-SUM(G23:AK23)) -> 30 | AM23: =SUM(G23:AK23) -> 13
D24: 21 | E24: rumali black | F24: ='RTO AND OLD STOCK OCTOBER'!AL24+'DTO OCTOBER 2024'!AK24+'MASTER GOOD OCOTBER 2024'!AK24 -> 30 | G24: 0 | H24: 0 | I24: 0 | J24: 0 | K24: 1 | L24: 0 | M24: 1 | N24: 0 | O24: 0 | P24: 1 | Q24: 0 | R24: 0 | S24: 0 | T24: 0 | U24: 0 | V24: 0 | W24: 0 | X24: 1 | Y24: 0 | Z24: 1 | AA24: 0 | AB24: 0 | AC24: 0 | AD24: 0 | AE24: 0 | AF24: 0 | AG24: 1 | AH24: 0 | AI24: 0 | AJ24: 0 | AK24: 0 | AL24: =MAX(0,F24-SUM(G24:AK24)) -> 24 | AM24: =SUM(G24:AK24) -> 6
D25: 22 | E25: rumali maroon | F25: ='RTO AND OLD STOCK OCTOBER'!AL25+'DTO OCTOBER 2024'!AK25+'MASTER GOOD OCOTBER 2024'!AK25 -> 9 | G25: 0 | H25: 0 | I25: 0 | J25: 0 | K25: 0 | L25: 0 | M25: 0 | N25: 0 | O25: 0 | P25: 0 | Q25: 0 | R25: 0 | S25: 0 | T25: 0 | U25: 0 | V25: 0 | W25: 0 | X25: 0 | Y25: 0 | Z25: 0 | AA25: 0 | AB25: 0 | AC25: 0 | AD25: 0 | AE25: 0 | AF25: 0 | AG25: 0 | AH25: 0 | AI25: 0 | AJ25: 0 | AK25: 0 | AL25: =MAX(0,F25-SUM(G25:AK25)) -> 9 | AM25: =SUM(G25:AK25) -> 0
C26: 5 | D26: 23 | E26: h/h white maroon | F26: ='RTO AND OLD STOCK OCTOBER'!AL26+'DTO OCTOBER 2024'!AK26+'MASTER GOOD OCOTBER 2024'!AK26 -> 55 | G26: 1 | H26: 1 | I26: 0 | J26: 0 | K26: 0 | L26: 0 | M26: 0 | N26: 0 | O26: 0 | P26: 0 | Q26: 1 | R26: 0 | S26: 0 | T26: 0 | U26: 0 | V26: 0 | W26: 0 | X26: 0 | Y26: 0 | Z26: 0 | AA26: 0 | AB26: 0 | AC26: 0 | AD26: 0 | AE26: 0 | AF26: 0 | AG26: 0 | AH26: 0 | AI26: 0 | AJ26: 0 | AK26: 0 | AL26: =MAX(0,F26-SUM(G26:AK26)) -> 52 | AM26: =SUM(G26:AK26) -> 3 | AN26: =SUM(AM26:AM36) -> 11
D27: 24 | E27: h/h white wine | F27: ='RTO AND OLD STOCK OCTOBER'!AL27+'DTO OCTOBER 2024'!AK27+'MASTER GOOD OCOTBER 2024'!AK27 -> 145 | G27: 1 | H27: 0 | I27: 1 | J27: 0 | K27: 0 | L27: 0 | M27: 1 | N27: 0 | O27: 0 | P27: 1 | Q27: 0 | R27: 0 | S27: 0 | T27: 0 | U27: 0 | V27: 0 | W27: 0 | X27: 1 | Y27: 0 | Z27: 0 | AA27: 2 | AB27: 0 | AC27: 0 | AD27: 0 | AE27: 0 | AF27: 0 | AG27: 0 | AH27: 0 | AI27: 0 | AJ27: 0 | AK27: 0 | AL27: =MAX(0,F27-SUM(G27:AK27)) -> 138 | AM27: =SUM(G27:AK27) -> 7
D28: 25 | E28: h/h white grey | F28: ='RTO AND OLD STOCK OCTOBER'!AL28+'DTO OCTOBER 2024'!AK28+'MASTER GOOD OCOTBER 2024'!AK28 -> 127 | G28: 1 | H28: 0 | I28: 0 | J28: 0 | K28: 0 | L28: 0 | M28: 0 | N28: 0 | O28: 0 | P28: 0 | Q28: 0 | R28: 0 | S28: 0 | T28: 0 | U28: 0 | V28: 0 | W28: 0 | X28: 0 | Y28: 0 | Z28: 0 | AA28: 0 | AB28: 0 | AC28: 0 | AD28: 0 | AE28: 0 | AF28: 0 | AG28: 0 | AH28: 0 | AI28: 0 | AJ28: 0 | AK28: 0 | AL28: =MAX(0,F28-SUM(G28:AK28)) -> 126 | AM28: =SUM(G28:AK28) -> 1
D29: 26 | E29: h/h white pista | F29: ='RTO AND OLD STOCK OCTOBER'!AL29+'DTO OCTOBER 2024'!AK29+'MASTER GOOD OCOTBER 2024'!AK29 -> 95 | G29: 0 | H29: 0 | I29: 0 | J29: 0 | K29: 0 | L29: 0 | M29: 0 | N29: 0 | O29: 0 | P29: 0 | Q29: 0 | R29: 0 | S29: 0 | T29: 0 | U29: 0 | V29: 0 | W29: 0 | X29: 0 | Y29: 0 | Z29: 0 | AA29: 0 | AB29: 0 | AC29: 0 | AD29: 0 | AE29: 0 | AF29: 0 | AG29: 0 | AH29: 0 | AI29: 0 | AJ29: 0 | AK29: 0 | AL29: =MAX(0,F29-SUM(G29:AK29)) -> 95 | AM29: =SUM(G29:AK29) -> 0
D30: 27 | E30: h/h white black | F30: ='RTO AND OLD STOCK OCTOBER'!AL30+'DTO OCTOBER 2024'!AK30+'MASTER GOOD OCOTBER 2024'!AK30 -> 99 | G30: 0 | H30: 0 | I30: 0 | J30: 0 | K30: 0 | L30: 0 | M30: 0 | N30: 0 | O30: 0 | P30: 0 | Q30: 0 | R30: 0 | S30: 0 | T30: 0 | U30: 0 | V30: 0 | W30: 0 | X30: 0 | Y30: 0 | Z30: 0 | AA30: 0 | AB30: 0 | AC30: 0 | AD30: 0 | AE30: 0 | AF30: 0 | AG30: 0 | AH30: 0 | AI30: 0 | AJ30: 0 | AK30: 0 | AL30: =MAX(0,F30-SUM(G30:AK30)) -> 99 | AM30: =SUM(G30:AK30) -> 0
D31: 28 | E31: h/h red grey | F31: ='RTO AND OLD STOCK OCTOBER'!AL31+'DTO OCTOBER 2024'!AK31+'MASTER GOOD OCOTBER 2024'!AK31 -> 4 | G31: 0 | H31: 0 | I31: 0 | J31: 0 | K31: 0 | L31: 0 | M31: 0 | N31: 0 | O31: 0 | P31: 0 | Q31: 0 | R31: 0 | S31: 0 | T31: 0 | U31: 0 | V31: 0 | W31: 0 | X31: 0 | Y31: 0 | Z31: 0 | AA31: 0 | AB31: 0 | AC31: 0 | AD31: 0 | AE31: 0 | AF31: 0 | AG31: 0 | AH31: 0 | AI31: 0 | AJ31: 0 | AK31: 0 | AL31: =MAX(0,F31-SUM(G31:AK31)) -> 4 | AM31: =SUM(G31:AK31) -> 0
D32: 29 | E32: h/h black green | F32: ='RTO AND OLD STOCK OCTOBER'!AL32+'DTO OCTOBER 2024'!AK32+'MASTER GOOD OCOTBER 2024'!AK32 -> 57 | G32: 0 | H32: 0 | I32: 0 | J32: 0 | K32: 0 | L32: 0 | M32: 0 | N32: 0 | O32: 0 | P32: 0 | Q32: 0 | R32: 0 | S32: 0 | T32: 0 | U32: 0 | V32: 0 | W32: 0 | X32: 0 | Y32: 0 | Z32: 0 | AA32: 0 | AB32: 0 | AC32: 0 | AD32: 0 | AE32: 0 | AF32: 0 | AG32: 0 | AH32: 0 | AI32: 0 | AJ32: 0 | AK32: 0 | AL32: =MAX(0,F32-SUM(G32:AK32)) -> 57 | AM32: =SUM(G32:AK32) -> 0
D33: 30 | E33: h/h black maroon | F33: ='RTO AND OLD STOCK OCTOBER'!AL33+'DTO OCTOBER 2024'!AK33+'MASTER GOOD OCOTBER 2024'!AK33 -> 5 | G33: 0 | H33: 0 | I33: 0 | J33: 0 | K33: 0 | L33: 0 | M33: 0 | N33: 0 | O33: 0 | P33: 0 | Q33: 0 | R33: 0 | S33: 0 | T33: 0 | U33: 0 | V33: 0 | W33: 0 | X33: 0 | Y33: 0 | Z33: 0 | AA33: 0 | AB33: 0 | AC33: 0 | AD33: 0 | AE33: 0 | AF33: 0 | AG33: 0 | AH33: 0 | AI33: 0 | AJ33: 0 | AK33: 0 | AL33: =MAX(0,F33-SUM(G33:AK33)) -> 5 | AM33: =SUM(G33:AK33) -> 0
D34: 31 | E34: h/h brown grey | F34: ='RTO AND OLD STOCK OCTOBER'!AL34+'DTO OCTOBER 2024'!AK34+'MASTER GOOD OCOTBER 2024'!AK34 -> 3 | G34: 0 | H34: 0 | I34: 0 | J34: 0 | K34: 0 | L34: 0 | M34: 0 | N34: 0 | O34: 0 | P34: 0 | Q34: 0 | R34: 0 | S34: 0 | T34: 0 | U34: 0 | V34: 0 | W34: 0 | X34: 0 | Y34: 0 | Z34: 0 | AA34: 0 | AB34: 0 | AC34: 0 | AD34: 0 | AE34: 0 | AF34: 0 | AG34: 0 | AH34: 0 | AI34: 0 | AJ34: 0 | AK34: 0 | AL34: =MAX(0,F34-SUM(G34:AK34)) -> 3 | AM34: =SUM(G34:AK34) -> 0
D35: 32 | E35: h/h black ghasleti | F35: ='RTO AND OLD STOCK OCTOBER'!AL35+'DTO OCTOBER 2024'!AK35+'MASTER GOOD OCOTBER 2024'!AK35 -> 21 | G35: 0 | H35: 0 | I35: 0 | J35: 0 | K35: 0 | L35: 0 | M35: 0 | N35: 0 | O35: 0 | P35: 0 | Q35: 0 | R35: 0 | S35: 0 | T35: 0 | U35: 0 | V35: 0 | W35: 0 | X35: 0 | Y35: 0 | Z35: 0 | AA35: 0 | AB35: 0 | AC35: 0 | AD35: 0 | AE35: 0 | AF35: 0 | AG35: 0 | AH35: 0 | AI35: 0 | AJ35: 0 | AK35: 0 | AL35: =MAX(0,F35-SUM(G35:AK35)) -> 21 | AM35: =SUM(G35:AK35) -> 0
D36: 33 | E36: h/h red white | F36: ='RTO AND OLD STOCK OCTOBER'!AL36+'DTO OCTOBER 2024'!AK36+'MASTER GOOD OCOTBER 2024'!AK36 -> 0 | G36: 0 | H36: 0 | I36: 0 | J36: 0 | K36: 0 | L36: 0 | M36: 0 | N36: 0 | O36: 0 | P36: 0 | Q36: 0 | R36: 0 | S36: 0 | T36: 0 | U36: 0 | V36: 0 | W36: 0 | X36: 0 | Y36: 0 | Z36: 0 | AA36: 0 | AB36: 0 | AC36: 0 | AD36: 0 | AE36: 0 | AF36: 0 | AG36: 0 | AH36: 0 | AI36: 0 | AJ36: 0 | AK36: 0 | AL36: =MAX(0,F36-SUM(G36:AK36)) -> 0 | AM36: =SUM(G36:AK36) -> 0
C37: 6 | D37: 34 | E37: rib black | F37: ='RTO AND OLD STOCK OCTOBER'!AL37+'DTO OCTOBER 2024'!AK37+'MASTER GOOD OCOTBER 2024'!AK37 -> 34 | G37: 6 | H37: 1 | I37: 1 | J37: 0 | K37: 0 | L37: 0 | M37: 0 | N37: 0 | O37: 0 | P37: 0 | Q37: 0 | R37: 0 | S37: 0 | T37: 0 | U37: 0 | V37: 0 | W37: 0 | X37: 0 | Y37: 0 | Z37: 0 | AA37: 2 | AB37: 1 | AC37: 1 | AD37: 2 | AE37: 1 | AF37: 2 | AG37: 2 | AH37: 4 | AI37: 2 | AJ37: 2 | AK37: 2 | AL37: =MAX(0,F37-SUM(G37:AK37)) -> 5 | AM37: =SUM(G37:AK37) -> 29 | AN37: =SUM(AM37:AM40) -> 81
D38: 35 | E38: rib grey malinga | F38: ='RTO AND OLD STOCK OCTOBER'!AL38+'DTO OCTOBER 2024'!AK38+'MASTER GOOD OCOTBER 2024'!AK38 -> 61 | G38: 0 | H38: 1 | I38: 2 | J38: 5 | K38: 0 | L38: 3 | M38: 0 | N38: 3 | O38: 0 | P38: 3 | Q38: 3 | R38: 0 | S38: 1 | T38: 0 | U38: 0 | V38: 0 | W38: 0 | X38: 0 | Y38: 1 | Z38: 0 | AA38: 0 | AB38: 0 | AC38: 0 | AD38: 0 | AE38: 1 | AF38: 0 | AG38: 0 | AH38: 1 | AI38: 0 | AJ38: 2 | AK38: 1 | AL38: =MAX(0,F38-SUM(G38:AK38)) -> 34 | AM38: =SUM(G38:AK38) -> 27
D39: 36 | E39: rib blue | F39: ='RTO AND OLD STOCK OCTOBER'!AL39+'DTO OCTOBER 2024'!AK39+'MASTER GOOD OCOTBER 2024'!AK39 -> 2 | G39: 0 | H39: 0 | I39: 0 | J39: 0 | K39: 0 | L39: 0 | M39: 0 | N39: 0 | O39: 0 | P39: 0 | Q39: 0 | R39: 0 | S39: 0 | T39: 0 | U39: 0 | V39: 0 | W39: 0 | X39: 0 | Y39: 0 | Z39: 1 | AA39: 0 | AB39: 1 | AC39: 0 | AD39: 0 | AE39: 0 | AF39: 1 | AG39: 2 | AH39: 3 | AI39: 1 | AJ39: 0 | AK39: 2 | AL39: =MAX(0,F39-SUM(G39:AK39)) -> 0 | AM39: =SUM(G39:AK39) -> 11
D40: 37 | E40: rib crame | F40: ='RTO AND OLD STOCK OCTOBER'!AL40+'DTO OCTOBER 2024'!AK40+'MASTER GOOD OCOTBER 2024'!AK40 -> 19 | G40: 1 | H40: 0 | I40: 2 | J40: 0 | K40: 0 | L40: 1 | M40: 3 | N40: 0 | O40: 0 | P40: 1 | Q40: 1 | R40: 0 | S40: 0 | T40: 0 | U40: 0 | V40: 1 | W40: 0 | X40: 0 | Y40: 0 | Z40: 0 | AA40: 0 | AB40: 0 | AC40: 0 | AD40: 0 | AE40: 0 | AF40: 2 | AG40: 0 | AH40: 0 | AI40: 2 | AJ40: 0 | AK40: 0 | AL40: =MAX(0,F40-SUM(G40:AK40)) -> 5 | AM40: =SUM(G40:AK40) -> 14

Sheet RTO AND OLD STOCK OCTOBER
A2: RTO AND OLD STOCK OCTOBER
A3: IMAGE | C3: NO | D3: SrNo | E3: Product Name | F3: OLD STOCK | G3: 1 | H3: 2 | I3: 3 | J3: 4 | K3: 5 | L3: 6 | M3: 7 | N3: 8 | O3: 9 | P3: 10 | Q3: 11 | R3: 12 | S3: 13 | T3: 14 | U3: 15 | V3: 16 | W3: 17 | X3: 18 | Y3: 19 | Z3: 20 | AA3: 21 | AB3: 22 | AC3: 23 | AD3: 24 | AE3: 25 | AF3: 26 | AG3: 27 | AH3: 28 | AI3: 29 | AJ3: 30 | AK3: 31 | AL3: OPENING STOCK | AM3: TOTAL | AN3: GRAND TOTAL
C4: 1 | D4: 1 | E4: zip smoking white | F4: =-3+4 -> 1 | G4: 0 | H4: 0 | I4: 0 | J4: 0 | K4: 0 | L4: 0 | M4: 0 | N4: 0 | O4: 0 | P4: 0 | Q4: 0 | R4: 0 | S4: 0 | T4: 0 | U4: 0 | V4: 0 | W4: 50000 | X4: 0 | Y4: 0 | Z4: 0 | AA4: 0 | AB4: 0 | AC4: 0 | AD4: 0 | AE4: 0 | AF4: 0 | AG4: 0 | AH4: 0 | AI4: 0 | AJ4: 0 | AK4: 0 | AL4: =F4+SUM(G4:AK4) -> 50001 | AM4: =SUM(G4:AK4) -> 50000 | AN4: =SUM(AM4:AM11) -> 50061
D5: 2 | E5: zip smoking orange | F5: =1+0 -> 1 | G5: 0 | H5: 0 | I5: 0 | J5: 0 | K5: 0 | L5: 0 | M5: 0 | N5: 0 | O5: 0 | P5: 0 | Q5: 0 | R5: 0 | S5: 0 | T5: 0 | U5: 0 | V5: 0 | W5: 0 | X5: 0 | Y5: 0 | Z5: 0 | AA5: 0 | AB5: 0 | AC5: 0 | AD5: 0 | AE5: 0 | AF5: 0 | AG5: 0 | AH5: 0 | AI5: 0 | AJ5: 0 | AK5: 0 | AL5: =F5+SUM(G5:AK5) -> 1 | AM5: =SUM(G5:AK5) -> 0
D6: 3 | E6: zip smoking pink | F6: =6+0 -> 6 | G6: 0 | H6: 0 | I6: 1 | J6: 0 | K6: 0 | L6: 0 | M6: 1 | N6: 0 | O6: 2 | P6: 1 | Q6: 2 | R6: 0 | S6: 0 | T6: 1 | U6: 0 | V6: 0 | W6: 1 | X6: 0 | Y6: 2 | Z6: 0 | AA6: 1 | AB6: 0 | AC6: 0 | AD6: 0 | AE6: 0 | AF6: 1 | AG6: 0 | AH6: 1 | AI6: 0 | AJ6: 0 | AK6: 0 | AL6: =F6+SUM(G6:AK6) -> 20 | AM6: =SUM(G6:AK6) -> 14
D7: 4 | E7: zip smoking navy | F7: =-28+2 -> -26 | G7: 0 | H7: 0 | I7: 0 | J7: 2 | K7: 0 | L7: 0 | M7: 1 | N7: 0 | O7: 1 | P7: 0 | Q7: 0 | R7: 2 | S7: 0 | T7: 0 | U7: 0 | V7: 0 | W7: 0 | X7: 0 | Y7: 2 | Z7: 0 | AA7: 2 | AB7: 4 | AC7: 1 | AD7: 0 | AE7: 0 | AF7: 0 | AG7: 0 | AH7: 3 | AI7: 1 | AJ7: 0 | AK7: 1 | AL7: =F7+SUM(G7:AK7) -> -6 | AM7: =SUM(G7:AK7) -> 20
D8: 5 | E8: zip smoking black | F8: =18+10 -> 28 | G8: 1 | H8: 0 | I8: 0 | J8: 1 | K8: 0 | L8: 0 | M8: 0 | N8: 0 | O8: 0 | P8: 0 | Q8: 0 | R8: 0 | S8: 0 | T8: 1 | U8: 0 | V8: 0 | W8: 0 | X8: 1 | Y8: 0 | Z8: 0 | AA8: 0 | AB8: 1 | AC8: 1 | AD8: 0 | AE8: 0 | AF8: 1 | AG8: 0 | AH8: 0 | AI8: 0 | AJ8: 0 | AK8: 1 | AL8: =F8+SUM(G8:AK8) -> 36 | AM8: =SUM(G8:AK8) -> 8
D9: 6 | E9: zip smoking red flower | F9: =-18+10 -> -8 | G9: 0 | H9: 0 | I9: 0 | J9: 2 | K9: 3 | L9: 0 | M9: 0 | N9: 1 | O9: 5 | P9: 2 | Q9: 0 | R9: 0 | S9: 0 | T9: 0 | U9: 0 | V9: 0 | W9: 0 | X9: 0 | Y9: 0 | Z9: 0 | AA9: 1 | AB9: 0 | AC9: 0 | AD9: 0 | AE9: 0 | AF9: 0 | AG9: 0 | AH9: 0 | AI9: 0 | AJ9: 0 | AK9: 0 | AL9: =F9+SUM(G9:AK9) -> 6 | AM9: =SUM(G9:AK9) -> 14
D10: 7 | E10: zip smoking yellow | F10: =1+1 -> 2 | G10: 0 | H10: 0 | I10: 0 | J10: 0 | K10: 0 | L10: 0 | M10: 0 | N10: 0 | O10: 0 | P10: 0 | Q10: 0 | R10: 0 | S10: 0 | T10: 1 | U10: 0 | V10: 1 | W10: 0 | X10: 0 | Y10: 1 | Z10: 0 | AA10: 0 | AB10: 0 | AC10: 0 | AD10: 1 | AE10: 0 | AF10: 1 | AG10: 0 | AH10: 0 | AI10: 0 | AJ10: 0 | AK10: 0 | AL10: =F10+SUM(G10:AK10) -> 7 | AM10: =SUM(G10:AK10) -> 5
D11: 8 | E11: zip smoking grey | F11: 5 | G11: 0 | H11: 0 | I11: 0 | J11: 0 | K11: 0 | L11: 0 | M11: 0 | N11: 0 | O11: 0 | P11: 0 | Q11: 0 | R11: 0 | S11: 0 | T11: 0 | U11: 0 | V11: 0 | W11: 0 | X11: 0 | Y11: 0 | Z11: 0 | AA11: 0 | AB11: 0 | AC11: 0 | AD11: 0 | AE11: 0 | AF11: 0 | AG11: 0 | AH11: 0 | AI11: 0 | AJ11: 0 | AK11: 0 | AL11: =F11+SUM(G11:AK11) -> 5 | AM11: =SUM(G11:AK11) -> 0
C12: 2 | D12: 9 | E12: dori redblack checks shirt | F12: =-9+36 -> 27 | G12: 1 | H12: 0 | I12: 0 | J12: 0 | K12: 4 | L12: 4 | M12: 1 | N12: 4 | O12: 0 | P12: 4 | Q12: 4 | R12: 4 | S12: 1 | T12: 2 | U12: 7 | V12: 1 | W12: 2 | X12: 0 | Y12: 5 | Z12: 2 | AA12: 2 | AB12: 3 | AC12: 0 | AD12: 1 | AE12: 0 | AF12: 2 | AG12: 0 | AH12: 1 | AI12: 0 | AJ12: 0 | AK12: 1 | AL12: =F12+SUM(G12:AK12) -> 83 | AM12: =SUM(G12:AK12) -> 56 | AN12: =SUM(AM12:AM14) -> 122
D13: 10 | E13: dori black checks shirt | F13: =-848+3370 -> 2522 | G13: 2 | H13: 2 | I13: 5 | J13: 4 | K13: 1 | L13: 0 | M13: 1 | N13: 5 | O13: 1 | P13: 2 | Q13: 2 | R13: 3 | S13: 0 | T13: 4 | U13: 4 | V13: 0 | W13: 2 | X13: 1 | Y13: 3 | Z13: 1 | AA13: 2 | AB13: 1 | AC13: 3 | AD13: 2 | AE13: 2 | AF13: 3 | AG13: 0 | AH13: 3 | AI13: 2 | AJ13: 3 | AK13: 2 | AL13: =F13+SUM(G13:AK13) -> 2588 | AM13: =SUM(G13:AK13) -> 66
D14: 11 | E14: dori red checks shirt | F14: 5 | G14: 0 | H14: 0 | I14: 0 | J14: 0 | K14: 0 | L14: 0 | M14: 0 | N14: 0 | O14: 0 | P14: 0 | Q14: 0 | R14: 0 | S14: 0 | T14: 0 | U14: 0 | V14: 0 | W14: 0 | X14: 0 | Y14: 0 | Z14: 0 | AA14: 0 | AB14: 0 | AC14: 0 | AD14: 0 | AE14: 0 | AF14: 0 | AG14: 0 | AH14: 0 | AI14: 0 | AJ14: 0 | AK14: 0 | AL14: =F14+SUM(G14:AK14) -> 5 | AM14: =SUM(G14:AK14) -> 0
C15: 3 | D15: 12 | E15: bsy long jacket middi green | F15: =5+2 -> 7 | G15: 0 | H15: 0 | I15: 0 | J15: 0 | K15: 0 | L15: 1 | M15: 0 | N15: 0 | O15: 0 | P15: 0 | Q15: 0 | R15: 0 | S15: 0 | T15: 0 | U15: 0 | V15: 0 | W15: 0 | X15: 0 | Y15: 1 | Z15: 0 | AA15: 0 | AB15: 0 | AC15: 0 | AD15: 0 | AE15: 0 | AF15: 0 | AG15: 0 | AH15: 0 | AI15: 0 | AJ15: 0 | AK15: 0 | AL15: =F15+SUM(G15:AK15) -> 9 | AM15: =SUM(G15:AK15) -> 2 | AN15: =SUM(AM15:AM21) -> 2
D16: 13 | E16: bsy long jacket middi pista | F16: 1 | G16: 0 | H16: 0 | I16: 0 | J16: 0 | K16: 0 | L16: 0 | M16: 0 | N16: 0 | O16: 0 | P16: 0 | Q16: 0 | R16: 0 | S16: 0 | T16: 0 | U16: 0 | V16: 0 | W16: 0 | X16: 0 | Y16: 0 | Z16: 0 | AA16: 0 | AB16: 0 | AC16: 0 | AD16: 0 | AE16: 0 | AF16: 0 | AG16: 0 | AH16: 0 | AI16: 0 | AJ16: 0 | AK16: 0 | AL16: =F16+SUM(G16:AK16) -> 1 | AM16: =SUM(G16:AK16) -> 0
D17: 14 | E17: bsy long jacket wine | F17: 3 | G17: 0 | H17: 0 | I17: 0 | J17: 0 | K17: 0 | L17: 0 | M17: 0 | N17: 0 | O17: 0 | P17: 0 | Q17: 0 | R17: 0 | S17: 0 | T17: 0 | U17: 0 | V17: 0 | W17: 0 | X17: 0 | Y17: 0 | Z17: 0 | AA17: 0 | AB17: 0 | AC17: 0 | AD17: 0 | AE17: 0 | AF17: 0 | AG17: 0 | AH17: 0 | AI17: 0 | AJ17: 0 | AK17: 0 | AL17: =F17+SUM(G17:AK17) -> 3 | AM17: =SUM(G17:AK17) -> 0
D18: 15 | E18: bsy long jacket orange | F18: 18 | G18: 0 | H18: 0 | I18: 0 | J18: 0 | K18: 0 | L18: 0 | M18: 0 | N18: 0 | O18: 0 | P18: 0 | Q18: 0 | R18: 0 | S18: 0 | T18: 0 | U18: 0 | V18: 0 | W18: 0 | X18: 0 | Y18: 0 | Z18: 0 | AA18: 0 | AB18: 0 | AC18: 0 | AD18: 0 | AE18: 0 | AF18: 0 | AG18: 0 | AH18: 0 | AI18: 0 | AJ18: 0 | AK18: 0 | AL18: =F18+SUM(G18:AK18) -> 18 | AM18: =SUM(G18:AK18) -> 0
D19: 16 | E19: bsy long jacket yellow | F19: 8 | G19: 0 | H19: 0 | I19: 0 | J19: 0 | K19: 0 | L19: 0 | M19: 0 | N19: 0 | O19: 0 | P19: 0 | Q19: 0 | R19: 0 | S19: 0 | T19: 0 | U19: 0 | V19: 0 | W19: 0 | X19: 0 | Y19: 0 | Z19: 0 | AA19: 0 | AB19: 0 | AC19: 0 | AD19: 0 | AE19: 0 | AF19: 0 | AG19: 0 | AH19: 0 | AI19: 0 | AJ19: 0 | AK19: 0 | AL19: =F19+SUM(G19:AK19) -> 8 | AM19: =SUM(G19:AK19) -> 0
D20: 17 | E20: bsy long jacket pink | F20: 0 | G20: 0 | H20: 0 | I20: 0 | J20: 0 | K20: 0 | L20: 0 | M20: 0 | N20: 0 | O20: 0 | P20: 0 | Q20: 0 | R20: 0 | S20: 0 | T20: 0 | U20: 0 | V20: 0 | W20: 0 | X20: 0 | Y20: 0 | Z20: 0 | AA20: 0 | AB20: 0 | AC20: 0 | AD20: 0 | AE20: 0 | AF20: 0 | AG20: 0 | AH20: 0 | AI20: 0 | AJ20: 0 | AK20: 0 | AL20: =F20+SUM(G20:AK20) -> 0 | AM20: =SUM(G20:AK20) -> 0
D21: 18 | E21: bsy long jacket grey | F21: 0 | G21: 0 | H21: 0 | I21: 0 | J21: 0 | K21: 0 | L21: 0 | M21: 0 | N21: 0 | O21: 0 | P21: 0 | Q21: 0 | R21: 0 | S21: 0 | T21: 0 | U21: 0 | V21: 0 | W21: 0 | X21: 0 | Y21: 0 | Z21: 0 | AA21: 0 | AB21: 0 | AC21: 0 | AD21: 0 | AE21: 0 | AF21: 0 | AG21: 0 | AH21: 0 | AI21: 0 | AJ21: 0 | AK21: 0 | AL21: =F21+SUM(G21:AK21) -> 0 | AM21: =SUM(G21:AK21) -> 0
C22: 4 | D22: 19 | E22: rumali white | F22: =2+272 -> 274 | G22: 0 | H22: 1 | I22: 0 | J22: 0 | K22: 0 | L22: 0 | M22: 1 | N22: 0 | O22: 0 | P22: 0 | Q22: 1 | R22: 0 | S22: 0 | T22: 0 | U22: 0 | V22: 0 | W22: 0 | X22: 0 | Y22: 0 | Z22: 0 | AA22: 0 | AB22: 0 | AC22: 1 | AD22: 0 | AE22: 0 | AF22: 0 | AG22: 0 | AH22: 0 | AI22: 0 | AJ22: 0 | AK22: 0 | AL22: =F22+SUM(G22:AK22) -> 278 | AM22: =SUM(G22:AK22) -> 4 | AN22: =SUM(AM22:AM25) -> 10
D23: 20 | E23: rumali wine | F23: =6+34 -> 40 | G23: 0 | H23: 0 | I23: 0 | J23: 0 | K23: 0 | L23: 0 | M23: 0 | N23: 0 | O23: 0 | P23: 0 | Q23: 0 | R23: 0 | S23: 0 | T23: 1 | U23: 0 | V23: 0 | W23: 0 | X23: 0 | Y23: 0 | Z23: 0 | AA23: 0 | AB23: 0 | AC23: 0 | AD23: 0 | AE23: 0 | AF23: 0 | AG23: 0 | AH23: 0 | AI23: 0 | AJ23: 0 | AK23: 0 | AL23: =F23+SUM(G23:AK23) -> 41 | AM23: =SUM(G23:AK23) -> 1
D24: 21 | E24: rumali black | F24: =-1+8+17 -> 24 | G24: 0 | H24: 0 | I24: 0 | J24: 1 | K24: 0 | L24: 0 | M24: 0 | N24: 1 | O24: 0 | P24: 1 | Q24: 0 | R24: 1 | S24: 0 | T24: 0 | U24: 0 | V24: 0 | W24: 0 | X24: 0 | Y24: 1 | Z24: 0 | AA24: 0 | AB24: 0 | AC24: 0 | AD24: 0 | AE24: 0 | AF24: 0 | AG24: 0 | AH24: 0 | AI24: 0 | AJ24: 0 | AK24: 0 | AL24: =F24+SUM(G24:AK24) -> 29 | AM24: =SUM(G24:AK24) -> 5
D25: 22 | E25: rumali maroon | F25: 9 | G25: 0 | H25: 0 | I25: 0 | J25: 0 | K25: 0 | L25: 0 | M25: 0 | N25: 0 | O25: 0 | P25: 0 | Q25: 0 | R25: 0 | S25: 0 | T25: 0 | U25: 0 | V25: 0 | W25: 0 | X25: 0 | Y25: 0 | Z25: 0 | AA25: 0 | AB25: 0 | AC25: 0 | AD25: 0 | AE25: 0 | AF25: 0 | AG25: 0 | AH25: 0 | AI25: 0 | AJ25: 0 | AK25: 0 | AL25: =F25+SUM(G25:AK25) -> 9 | AM25: =SUM(G25:AK25) -> 0
C26: 5 | D26: 23 | E26: h/h white maroon | F26: =2+51 -> 53 | G26: 0 | H26: 0 | I26: 0 | J26: 0 | K26: 0 | L26: 0 | M26: 0 | N26: 0 | O26: 0 | P26: 0 | Q26: 0 | R26: 0 | S26: 0 | T26: 0 | U26: 1 | V26: 0 | W26: 0 | X26: 0 | Y26: 0 | Z26: 0 | AA26: 0 | AB26: 0 | AC26: 0 | AD26: 0 | AE26: 0 | AF26: 1 | AG26: 0 | AH26: 0 | AI26: 0 | AJ26: 0 | AK26: 0 | AL26: =F26+SUM(G26:AK26) -> 55 | AM26: =SUM(G26:AK26) -> 2 | AN26: =SUM(AM26:AM36) -> 5
D27: 24 | E27: h/h white wine | F27: =5+136 -> 141 | G27: 0 | H27: 0 | I27: 0 | J27: 0 | K27: 0 | L27: 0 | M27: 0 | N27: 0 | O27: 0 | P27: 0 | Q27: 0 | R27: 0 | S27: 0 | T27: 0 | U27: 0 | V27: 0 | W27: 0 | X27: 0 | Y27: 0 | Z27: 0 | AA27: 1 | AB27: 1 | AC27: 0 | AD27: 0 | AE27: 0 | AF27: 0 | AG27: 0 | AH27: 0 | AI27: 0 | AJ27: 1 | AK27: 0 | AL27: =F27+SUM(G27:AK27) -> 144 | AM27: =SUM(G27:AK27) -> 3
D28: 25 | E28: h/h white grey | F28: =1+126 -> 127 | G28: 0 | H28: 0 | I28: 0 | J28: 0 | K28: 0 | L28: 0 | M28: 0 | N28: 0 | O28: 0 | P28: 0 | Q28: 0 | R28: 0 | S28: 0 | T28: 0 | U28: 0 | V28: 0 | W28: 0 | X28: 0 | Y28: 0 | Z28: 0 | AA28: 0 | AB28: 0 | AC28: 0 | AD28: 0 | AE28: 0 | AF28: 0 | AG28: 0 | AH28: 0 | AI28: 0 | AJ28: 0 | AK28: 0 | AL28: =F28+SUM(G28:AK28) -> 127 | AM28: =SUM(G28:AK28) -> 0
D29: 26 | E29: h/h white pista | F29: 95 | G29: 0 | H29: 0 | I29: 0 | J29: 0 | K29: 0 | L29: 0 | M29: 0 | N29: 0 | O29: 0 | P29: 0 | Q29: 0 | R29: 0 | S29: 0 | T29: 0 | U29: 0 | V29: 0 | W29: 0 | X29: 0 | Y29: 0 | Z29: 0 | AA29: 0 | AB29: 0 | AC29: 0 | AD29: 0 | AE29: 0 | AF29: 0 | AG29: 0 | AH29: 0 | AI29: 0 | AJ29: 0 | AK29: 0 | AL29: =F29+SUM(G29:AK29) -> 95 | AM29: =SUM(G29:AK29) -> 0
D30: 27 | E30: h/h white black | F30: =95+4 -> 99 | G30: 0 | H30: 0 | I30: 0 | J30: 0 | K30: 0 | L30: 0 | M30: 0 | N30: 0 | O30: 0 | P30: 0 | Q30: 0 | R30: 0 | S30: 0 | T30: 0 | U30: 0 | V30: 0 | W30: 0 | X30: 0 | Y30: 0 | Z30: 0 | AA30: 0 | AB30: 0 | AC30: 0 | AD30: 0 | AE30: 0 | AF30: 0 | AG30: 0 | AH30: 0 | AI30: 0 | AJ30: 0 | AK30: 0 | AL30: =F30+SUM(G30:AK30) -> 99 | AM30: =SUM(G30:AK30) -> 0
D31: 28 | E31: h/h red grey | F31: 4 | G31: 0 | H31: 0 | I31: 0 | J31: 0 | K31: 0 | L31: 0 | M31: 0 | N31: 0 | O31: 0 | P31: 0 | Q31: 0 | R31: 0 | S31: 0 | T31: 0 | U31: 0 | V31: 0 | W31: 0 | X31: 0 | Y31: 0 | Z31: 0 | AA31: 0 | AB31: 0 | AC31: 0 | AD31: 0 | AE31: 0 | AF31: 0 | AG31: 0 | AH31: 0 | AI31: 0 | AJ31: 0 | AK31: 0 | AL31: =F31+SUM(G31:AK31) -> 4 | AM31: =SUM(G31:AK31) -> 0
D32: 29 | E32: h/h black green | F32: =35+17+5 -> 57 | G32: 0 | H32: 0 | I32: 0 | J32: 0 | K32: 0 | L32: 0 | M32: 0 | N32: 0 | O32: 0 | P32: 0 | Q32: 0 | R32: 0 | S32: 0 | T32: 0 | U32: 0 | V32: 0 | W32: 0 | X32: 0 | Y32: 0 | Z32: 0 | AA32: 0 | AB32: 0 | AC32: 0 | AD32: 0 | AE32: 0 | AF32: 0 | AG32: 0 | AH32: 0 | AI32: 0 | AJ32: 0 | AK32: 0 | AL32: =F32+SUM(G32:AK32) -> 57 | AM32: =SUM(G32:AK32) -> 0
D33: 30 | E33: h/h black maroon | F33: 5 | G33: 0 | H33: 0 | I33: 0 | J33: 0 | K33: 0 | L33: 0 | M33: 0 | N33: 0 | O33: 0 | P33: 0 | Q33: 0 | R33: 0 | S33: 0 | T33: 0 | U33: 0 | V33: 0 | W33: 0 | X33: 0 | Y33: 0 | Z33: 0 | AA33: 0 | AB33: 0 | AC33: 0 | AD33: 0 | AE33: 0 | AF33: 0 | AG33: 0 | AH33: 0 | AI33: 0 | AJ33: 0 | AK33: 0 | AL33: =F33+SUM(G33:AK33) -> 5 | AM33: =SUM(G33:AK33) -> 0
D34: 31 | E34: h/h brown grey | F34: 3 | G34: 0 | H34: 0 | I34: 0 | J34: 0 | K34: 0 | L34: 0 | M34: 0 | N34: 0 | O34: 0 | P34: 0 | Q34: 0 | R34: 0 | S34: 0 | T34: 0 | U34: 0 | V34: 0 | W34: 0 | X34: 0 | Y34: 0 | Z34: 0 | AA34: 0 | AB34: 0 | AC34: 0 | AD34: 0 | AE34: 0 | AF34: 0 | AG34: 0 | AH34: 0 | AI34: 0 | AJ34: 0 | AK34: 0 | AL34: =F34+SUM(G34:AK34) -> 3 | AM34: =SUM(G34:AK34) -> 0
D35: 32 | E35: h/h black ghasleti | F35: 21 | G35: 0 | H35: 0 | I35: 0 | J35: 0 | K35: 0 | L35: 0 | M35: 0 | N35: 0 | O35: 0 | P35: 0 | Q35: 0 | R35: 0 | S35: 0 | T35: 0 | U35: 0 | V35: 0 | W35: 0 | X35: 0 | Y35: 0 | Z35: 0 | AA35: 0 | AB35: 0 | AC35: 0 | AD35: 0 | AE35: 0 | AF35: 0 | AG35: 0 | AH35: 0 | AI35: 0 | AJ35: 0 | AK35: 0 | AL35: =F35+SUM(G35:AK35) -> 21 | AM35: =SUM(G35:AK35) -> 0
D36: 33 | E36: h/h red white | F36: 0 | G36: 0 | H36: 0 | I36: 0 | J36: 0 | K36: 0 | L36: 0 | M36: 0 | N36: 0 | O36: 0 | P36: 0 | Q36: 0 | R36: 0 | S36: 0 | T36: 0 | U36: 0 | V36: 0 | W36: 0 | X36: 0 | Y36: 0 | Z36: 0 | AA36: 0 | AB36: 0 | AC36: 0 | AD36: 0 | AE36: 0 | AF36: 0 | AG36: 0 | AH36: 0 | AI36: 0 | AJ36: 0 | AK36: 0 | AL36: =F36+SUM(G36:AK36) -> 0 | AM36: =SUM(G36:AK36) -> 0
C37: 6 | D37: 34 | E37: rib black | F37: =-7+18 -> 11 | G37: 0 | H37: 0 | I37: 0 | J37: 2 | K37: 0 | L37: 0 | M37: 0 | N37: 0 | O37: 0 | P37: 1 | Q37: 2 | R37: 0 | S37: 0 | T37: 2 | U37: 0 | V37: 0 | W37: 0 | X37: 0 | Y37: 0 | Z37: 0 | AA37: 0 | AB37: 0 | AC37: 0 | AD37: 0 | AE37: 0 | AF37: 0 | AG37: 0 | AH37: 0 | AI37: 0 | AJ37: 0 | AK37: 0 | AL37: =F37+SUM(G37:AK37) -> 18 | AM37: =SUM(G37:AK37) -> 7 | AN37: =SUM(AM37:AM40) -> 17
D38: 35 | E38: rib grey malinga | F38: =16+36 -> 52 | G38: 0 | H38: 0 | I38: 0 | J38: 0 | K38: 0 | L38: 0 | M38: 0 | N38: 0 | O38: 0 | P38: 0 | Q38: 0 | R38: 0 | S38: 0 | T38: 0 | U38: 0 | V38: 1 | W38: 0 | X38: 0 | Y38: 1 | Z38: 0 | AA38: 1 | AB38: 0 | AC38: 0 | AD38: 0 | AE38: 0 | AF38: 1 | AG38: 0 | AH38: 0 | AI38: 1 | AJ38: 0 | AK38: 0 | AL38: =F38+SUM(G38:AK38) -> 57 | AM38: =SUM(G38:AK38) -> 5
D39: 36 | E39: rib blue | F39: 0 | G39: 0 | H39: 0 | I39: 1 | J39: 0 | K39: 0 | L39: 0 | M39: 0 | N39: 1 | O39: 0 | P39: 0 | Q39: 0 | R39: 0 | S39: 0 | T39: 0 | U39: 0 | V39: 0 | W39: 0 | X39: 0 | Y39: 0 | Z39: 0 | AA39: 0 | AB39: 0 | AC39: 0 | AD39: 0 | AE39: 0 | AF39: 0 | AG39: 0 | AH39: 0 | AI39: 0 | AJ39: 0 | AK39: 0 | AL39: =F39+SUM(G39:AK39) -> 2 | AM39: =SUM(G39:AK39) -> 2
D40: 37 | E40: rib crame | F40: =2+9 -> 11 | G40: 1 | H40: 0 | I40: 0 | J40: 1 | K40: 0 | L40: 0 | M40: 0 | N40: 0 | O40: 0 | P40: 0 | Q40: 0 | R40: 0 | S40: 0 | T40: 0 | U40: 1 | V40: 0 | W40: 0 | X40: 0 | Y40: 0 | Z40: 0 | AA40: 0 | AB40: 0 | AC40: 0 | AD40: 0 | AE40: 0 | AF40: 0 | AG40: 0 | AH40: 0 | AI40: 0 | AJ40: 0 | AK40: 0 | AL40: =F40+SUM(G40:AK40) -> 14 | AM40: =SUM(G40:AK40) -> 3

Sheet DTO OCTOBER 2024
A2: DTO OCTOBER 2024
A3: IMAGE | C3: NO | D3: SrNo | E3: Product Name | F3: 1 | G3: 2 | H3: 3 | I3: 4 | J3: 5 | K3: 6 | L3: 7 | M3: 8 | N3: 9 | O3: 10 | P3: 11 | Q3: 12 | R3: 13 | S3: 14 | T3: 15 | U3: 16 | V3: 17 | W3: 18 | X3: 19 | Y3: 20 | Z3: 21 | AA3: 22 | AB3: 23 | AC3: 24 | AD3: 25 | AE3: 26 | AF3: 27 | AG3: 28 | AH3: 29 | AI3: 30 | AJ3: 31 | AK3: TOTAL | AL3: GRAND TOTAL
C4: 1 | D4: 1 | E4: zip smoking white | F4: 1 | G4: 1 | H4: 0 | I4: 0 | J4: 0 | K4: 0 | L4: 0 | M4: 0 | N4: 0 | O4: 0 | P4: 0 | Q4: 0 | R4: 0 | S4: 1 | T4: 0 | U4: 0 | V4: 0 | W4: 0 | X4: 0 | Y4: 0 | Z4: 0 | AA4: 0 | AB4: 0 | AC4: 0 | AD4: 0 | AE4: 0 | AF4: 0 | AG4: 0 | AH4: 0 | AI4: 0 | AJ4: 0 | AK4: =SUM(F4:AJ4) -> 3 | AL4: =SUM(AK4:AK11) -> 42
D5: 2 | E5: zip smoking orange | F5: 0 | G5: 0 | H5: 0 | I5: 0 | J5: 0 | K5: 0 | L5: 0 | M5: 0 | N5: 0 | O5: 0 | P5: 0 | Q5: 0 | R5: 0 | S5: 0 | T5: 0 | U5: 0 | V5: 0 | W5: 0 | X5: 0 | Y5: 0 | Z5: 0 | AA5: 0 | AB5: 0 | AC5: 0 | AD5: 0 | AE5: 0 | AF5: 0 | AG5: 0 | AH5: 0 | AI5: 0 | AJ5: 0 | AK5: =SUM(F5:AJ5) -> 0
D6: 3 | E6: zip smoking pink | F6: 1 | G6: 0 | H6: 0 | I6: 0 | J6: 0 | K6: 0 | L6: 2 | M6: 0 | N6: 0 | O6: 0 | P6: 0 | Q6: 0 | R6: 0 | S6: 0 | T6: 0 | U6: 0 | V6: 0 | W6: 0 | X6: 0 | Y6: 0 | Z6: 0 | AA6: 0 | AB6: 0 | AC6: 0 | AD6: 0 | AE6: 0 | AF6: 0 | AG6: 1 | AH6: 0 | AI6: 0 | AJ6: 1 | AK6: =SUM(F6:AJ6) -> 5
D7: 4 | E7: zip smoking navy | F7: 1 | G7: 2 | H7: 0 | I7: 0 | J7: 0 | K7: 0 | L7: 0 | M7: 1 | N7: 2 | O7: 1 | P7: 0 | Q7: 1 | R7: 0 | S7: 3 | T7: 0 | U7: 0 | V7: 1 | W7: 0 | X7: 0 | Y7: 0 | Z7: 1 | AA7: 2 | AB7: 0 | AC7: 0 | AD7: 0 | AE7: 2 | AF7: 1 | AG7: 3 | AH7: 1 | AI7: 0 | AJ7: 1 | AK7: =SUM(F7:AJ7) -> 23
D8: 5 | E8: zip smoking black | F8: 1 | G8: 0 | H8: 0 | I8: 0 | J8: 0 | K8: 0 | L8: 0 | M8: 0 | N8: 0 | O8: 0 | P8: 0 | Q8: 0 | R8: 0 | S8: 0 | T8: 1 | U8: 0 | V8: 0 | W8: 0 | X8: 0 | Y8: 0 | Z8: 0 | AA8: 0 | AB8: 0 | AC8: 0 | AD8: 0 | AE8: 1 | AF8: 0 | AG8: 0 | AH8: 0 | AI8: 0 | AJ8: 1 | AK8: =SUM(F8:AJ8) -> 4
D9: 6 | E9: zip smoking red flower | F9: 0 | G9: 1 | H9: 0 | I9: 0 | J9: 0 | K9: 0 | L9: 0 | M9: 0 | N9: 1 | O9: 0 | P9: 0 | Q9: 0 | R9: 0 | S9: 1 | T9: 0 | U9: 0 | V9: 0 | W9: 0 | X9: 0 | Y9: 0 | Z9: 0 | AA9: 0 | AB9: 0 | AC9: 1 | AD9: 0 | AE9: 0 | AF9: 0 | AG9: 0 | AH9: 0 | AI9: 0 | AJ9: 0 | AK9: =SUM(F9:AJ9) -> 4
D10: 7 | E10: zip smoking yellow | F10: 0 | G10: 0 | H10: 0 | I10: 0 | J10: 0 | K10: 0 | L10: 0 | M10: 0 | N10: 0 | O10: 0 | P10: 1 | Q10: 0 | R10: 0 | S10: 0 | T10: 0 | U10: 0 | V10: 0 | W10: 0 | X10: 0 | Y10: 0 | Z10: 0 | AA10: 0 | AB10: 1 | AC10: 1 | AD10: 0 | AE10: 0 | AF10: 0 | AG10: 0 | AH10: 0 | AI10: 0 | AJ10: 0 | AK10: =SUM(F10:AJ10) -> 3
D11: 8 | E11: zip smoking grey | F11: 0 | G11: 0 | H11: 0 | I11: 0 | J11: 0 | K11: 0 | L11: 0 | M11: 0 | N11: 0 | O11: 0 | P11: 0 | Q11: 0 | R11: 0 | S11: 0 | T11: 0 | U11: 0 | V11: 0 | W11: 0 | X11: 0 | Y11: 0 | Z11: 0 | AA11: 0 | AB11: 0 | AC11: 0 | AD11: 0 | AE11: 0 | AF11: 0 | AG11: 0 | AH11: 0 | AI11: 0 | AJ11: 0 | AK11: =SUM(F11:AJ11) -> 0
C12: 2 | D12: 9 | E12: dori redblack checks shirt | F12: 0 | G12: 1 | H12: 0 | I12: 0 | J12: 2 | K12: 2 | L12: 0 | M12: 0 | N12: 1 | O12: 0 | P12: 0 | Q12: 1 | R12: 0 | S12: 0 | T12: 1 | U12: 2 | V12: 4 | W12: 1 | X12: 0 | Y12: 0 | Z12: 0 | AA12: 0 | AB12: 1 | AC12: 0 | AD12: 1 | AE12: 0 | AF12: 0 | AG12: 0 | AH12: 0 | AI12: 0 | AJ12: 0 | AK12: =SUM(F12:AJ12) -> 17 | AL12: =SUM(AK12:AK14) -> 53
D13: 10 | E13: dori black checks shirt | F13: 1 | G13: 0 | H13: 1 | I13: 1 | J13: 0 | K13: 1 | L13: 1 | M13: 2 | N13: 1 | O13: 0 | P13: 2 | Q13: 1 | R13: 0 | S13: 3 | T13: 2 | U13: 2 | V13: 1 | W13: 7 | X13: 0 | Y13: 0 | Z13: 0 | AA13: 0 | AB13: 1 | AC13: 4 | AD13: 2 | AE13: 1 | AF13: 0 | AG13: 1 | AH13: 1 | AI13: 0 | AJ13: 0 | AK13: =SUM(F13:AJ13) -> 36
D14: 11 | E14: dori red checks shirt | F14: 0 | G14: 0 | H14: 0 | I14: 0 | J14: 0 | K14: 0 | L14: 0 | M14: 0 | N14: 0 | O14: 0 | P14: 0 | Q14: 0 | R14: 0 | S14: 0 | T14: 0 | U14: 0 | V14: 0 | W14: 0 | X14: 0 | Y14: 0 | Z14: 0 | AA14: 0 | AB14: 0 | AC14: 0 | AD14: 0 | AE14: 0 | AF14: 0 | AG14: 0 | AH14: 0 | AI14: 0 | AJ14: 0 | AK14: =SUM(F14:AJ14) -> 0
C15: 3 | D15: 12 | E15: bsy long jacket middi green | F15: 0 | G15: 0 | H15: 0 | I15: 0 | J15: 1 | K15: 0 | L15: 0 | M15: 0 | N15: 0 | O15: 0 | P15: 0 | Q15: 0 | R15: 0 | S15: 0 | T15: 0 | U15: 0 | V15: 0 | W15: 0 | X15: 0 | Y15: 0 | Z15: 0 | AA15: 0 | AB15: 0 | AC15: 0 | AD15: 0 | AE15: 0 | AF15: 0 | AG15: 0 | AH15: 0 | AI15: 0 | AJ15: 0 | AK15: =SUM(F15:AJ15) -> 1 | AL15: =SUM(AK15:AK21) -> 1
D16: 13 | E16: bsy long jacket middi pista | F16: 0 | G16: 0 | H16: 0 | I16: 0 | J16: 0 | K16: 0 | L16: 0 | M16: 0 | N16: 0 | O16: 0 | P16: 0 | Q16: 0 | R16: 0 | S16: 0 | T16: 0 | U16: 0 | V16: 0 | W16: 0 | X16: 0 | Y16: 0 | Z16: 0 | AA16: 0 | AB16: 0 | AC16: 0 | AD16: 0 | AE16: 0 | AF16: 0 | AG16: 0 | AH16: 0 | AI16: 0 | AJ16: 0 | AK16: =SUM(F16:AJ16) -> 0
D17: 14 | E17: bsy long jacket wine | F17: 0 | G17: 0 | H17: 0 | I17: 0 | J17: 0 | K17: 0 | L17: 0 | M17: 0 | N17: 0 | O17: 0 | P17: 0 | Q17: 0 | R17: 0 | S17: 0 | T17: 0 | U17: 0 | V17: 0 | W17: 0 | X17: 0 | Y17: 0 | Z17: 0 | AA17: 0 | AB17: 0 | AC17: 0 | AD17: 0 | AE17: 0 | AF17: 0 | AG17: 0 | AH17: 0 | AI17: 0 | AJ17: 0 | AK17: =SUM(F17:AJ17) -> 0
D18: 15 | E18: bsy long jacket orange | F18: 0 | G18: 0 | H18: 0 | I18: 0 | J18: 0 | K18: 0 | L18: 0 | M18: 0 | N18: 0 | O18: 0 | P18: 0 | Q18: 0 | R18: 0 | S18: 0 | T18: 0 | U18: 0 | V18: 0 | W18: 0 | X18: 0 | Y18: 0 | Z18: 0 | AA18: 0 | AB18: 0 | AC18: 0 | AD18: 0 | AE18: 0 | AF18: 0 | AG18: 0 | AH18: 0 | AI18: 0 | AJ18: 0 | AK18: =SUM(F18:AJ18) -> 0
D19: 16 | E19: bsy long jacket yellow | F19: 0 | G19: 0 | H19: 0 | I19: 0 | J19: 0 | K19: 0 | L19: 0 | M19: 0 | N19: 0 | O19: 0 | P19: 0 | Q19: 0 | R19: 0 | S19: 0 | T19: 0 | U19: 0 | V19: 0 | W19: 0 | X19: 0 | Y19: 0 | Z19: 0 | AA19: 0 | AB19: 0 | AC19: 0 | AD19: 0 | AE19: 0 | AF19: 0 | AG19: 0 | AH19: 0 | AI19: 0 | AJ19: 0 | AK19: =SUM(F19:AJ19) -> 0
D20: 17 | E20: bsy long jacket pink | F20: 0 | G20: 0 | H20: 0 | I20: 0 | J20: 0 | K20: 0 | L20: 0 | M20: 0 | N20: 0 | O20: 0 | P20: 0 | Q20: 0 | R20: 0 | S20: 0 | T20: 0 | U20: 0 | V20: 0 | W20: 0 | X20: 0 | Y20: 0 | Z20: 0 | AA20: 0 | AB20: 0 | AC20: 0 | AD20: 0 | AE20: 0 | AF20: 0 | AG20: 0 | AH20: 0 | AI20: 0 | AJ20: 0 | AK20: =SUM(F20:AJ20) -> 0
D21: 18 | E21: bsy long jacket grey | F21: 0 | G21: 0 | H21: 0 | I21: 0 | J21: 0 | K21: 0 | L21: 0 | M21: 0 | N21: 0 | O21: 0 | P21: 0 | Q21: 0 | R21: 0 | S21: 0 | T21: 0 | U21: 0 | V21: 0 | W21: 0 | X21: 0 | Y21: 0 | Z21: 0 | AA21: 0 | AB21: 0 | AC21: 0 | AD21: 0 | AE21: 0 | AF21: 0 | AG21: 0 | AH21: 0 | AI21: 0 | AJ21: 0 | AK21: =SUM(F21:AJ21) -> 0
C22: 4 | D22: 19 | E22: rumali white | F22: 0 | G22: 0 | H22: 0 | I22: 1 | J22: 0 | K22: 0 | L22: 0 | M22: 0 | N22: 0 | O22: 0 | P22: 0 | Q22: 0 | R22: 0 | S22: 0 | T22: 0 | U22: 0 | V22: 0 | W22: 0 | X22: 0 | Y22: 0 | Z22: 0 | AA22: 1 | AB22: 0 | AC22: 0 | AD22: 0 | AE22: 0 | AF22: 0 | AG22: 0 | AH22: 0 | AI22: 0 | AJ22: 0 | AK22: =SUM(F22:AJ22) -> 2 | AL22: =SUM(AK22:AK25) -> 5
D23: 20 | E23: rumali wine | F23: 0 | G23: 0 | H23: 0 | I23: 0 | J23: 0 | K23: 0 | L23: 0 | M23: 0 | N23: 1 | O23: 0 | P23: 0 | Q23: 0 | R23: 0 | S23: 1 | T23: 0 | U23: 0 | V23: 0 | W23: 0 | X23: 0 | Y23: 0 | Z23: 0 | AA23: 0 | AB23: 0 | AC23: 0 | AD23: 0 | AE23: 0 | AF23: 0 | AG23: 0 | AH23: 0 | AI23: 0 | AJ23: 0 | AK23: =SUM(F23:AJ23) -> 2
D24: 21 | E24: rumali black | F24: 0 | G24: 0 | H24: 0 | I24: 0 | J24: 1 | K24: 0 | L24: 0 | M24: 0 | N24: 0 | O24: 0 | P24: 0 | Q24: 0 | R24: 0 | S24: 0 | T24: 0 | U24: 0 | V24: 0 | W24: 0 | X24: 0 | Y24: 0 | Z24: 0 | AA24: 0 | AB24: 0 | AC24: 0 | AD24: 0 | AE24: 0 | AF24: 0 | AG24: 0 | AH24: 0 | AI24: 0 | AJ24: 0 | AK24: =SUM(F24:AJ24) -> 1
D25: 22 | E25: rumali maroon | F25: 0 | G25: 0 | H25: 0 | I25: 0 | J25: 0 | K25: 0 | L25: 0 | M25: 0 | N25: 0 | O25: 0 | P25: 0 | Q25: 0 | R25: 0 | S25: 0 | T25: 0 | U25: 0 | V25: 0 | W25: 0 | X25: 0 | Y25: 0 | Z25: 0 | AA25: 0 | AB25: 0 | AC25: 0 | AD25: 0 | AE25: 0 | AF25: 0 | AG25: 0 | AH25: 0 | AI25: 0 | AJ25: 0 | AK25: =SUM(F25:AJ25) -> 0
C26: 5 | D26: 23 | E26: h/h white maroon | F26: 0 | G26: 0 | H26: 0 | I26: 0 | J26: 0 | K26: 0 | L26: 0 | M26: 0 | N26: 0 | O26: 0 | P26: 0 | Q26: 0 | R26: 0 | S26: 0 | T26: 0 | U26: 0 | V26: 0 | W26: 0 | X26: 0 | Y26: 0 | Z26: 0 | AA26: 0 | AB26: 0 | AC26: 0 | AD26: 0 | AE26: 0 | AF26: 0 | AG26: 0 | AH26: 0 | AI26: 0 | AJ26: 0 | AK26: =SUM(F26:AJ26) -> 0 | AL26: =SUM(AK26:AK36) -> 1
D27: 24 | E27: h/h white wine | F27: 0 | G27: 0 | H27: 0 | I27: 0 | J27: 0 | K27: 0 | L27: 0 | M27: 0 | N27: 0 | O27: 0 | P27: 0 | Q27: 0 | R27: 0 | S27: 0 | T27: 0 | U27: 0 | V27: 0 | W27: 0 | X27: 0 | Y27: 0 | Z27: 0 | AA27: 0 | AB27: 0 | AC27: 0 | AD27: 0 | AE27: 0 | AF27: 0 | AG27: 1 | AH27: 0 | AI27: 0 | AJ27: 0 | AK27: =SUM(F27:AJ27) -> 1
D28: 25 | E28: h/h white grey | F28: 0 | G28: 0 | H28: 0 | I28: 0 | J28: 0 | K28: 0 | L28: 0 | M28: 0 | N28: 0 | O28: 0 | P28: 0 | Q28: 0 | R28: 0 | S28: 0 | T28: 0 | U28: 0 | V28: 0 | W28: 0 | X28: 0 | Y28: 0 | Z28: 0 | AA28: 0 | AB28: 0 | AC28: 0 | AD28: 0 | AE28: 0 | AF28: 0 | AG28: 0 | AH28: 0 | AI28: 0 | AJ28: 0 | AK28: =SUM(F28:AJ28) -> 0
D29: 26 | E29: h/h white pista | F29: 0 | G29: 0 | H29: 0 | I29: 0 | J29: 0 | K29: 0 | L29: 0 | M29: 0 | N29: 0 | O29: 0 | P29: 0 | Q29: 0 | R29: 0 | S29: 0 | T29: 0 | U29: 0 | V29: 0 | W29: 0 | X29: 0 | Y29: 0 | Z29: 0 | AA29: 0 | AB29: 0 | AC29: 0 | AD29: 0 | AE29: 0 | AF29: 0 | AG29: 0 | AH29: 0 | AI29: 0 | AJ29: 0 | AK29: =SUM(F29:AJ29) -> 0
D30: 27 | E30: h/h white black | F30: 0 | G30: 0 | H30: 0 | I30: 0 | J30: 0 | K30: 0 | L30: 0 | M30: 0 | N30: 0 | O30: 0 | P30: 0 | Q30: 0 | R30: 0 | S30: 0 | T30: 0 | U30: 0 | V30: 0 | W30: 0 | X30: 0 | Y30: 0 | Z30: 0 | AA30: 0 | AB30: 0 | AC30: 0 | AD30: 0 | AE30: 0 | AF30: 0 | AG30: 0 | AH30: 0 | AI30: 0 | AJ30: 0 | AK30: =SUM(F30:AJ30) -> 0
D31: 28 | E31: h/h red grey | F31: 0 | G31: 0 | H31: 0 | I31: 0 | J31: 0 | K31: 0 | L31: 0 | M31: 0 | N31: 0 | O31: 0 | P31: 0 | Q31: 0 | R31: 0 | S31: 0 | T31: 0 | U31: 0 | V31: 0 | W31: 0 | X31: 0 | Y31: 0 | Z31: 0 | AA31: 0 | AB31: 0 | AC31: 0 | AD31: 0 | AE31: 0 | AF31: 0 | AG31: 0 | AH31: 0 | AI31: 0 | AJ31: 0 | AK31: =SUM(F31:AJ31) -> 0
D32: 29 | E32: h/h black green | F32: 0 | G32: 0 | H32: 0 | I32: 0 | J32: 0 | K32: 0 | L32: 0 | M32: 0 | N32: 0 | O32: 0 | P32: 0 | Q32: 0 | R32: 0 | S32: 0 | T32: 0 | U32: 0 | V32: 0 | W32: 0 | X32: 0 | Y32: 0 | Z32: 0 | AA32: 0 | AB32: 0 | AC32: 0 | AD32: 0 | AE32: 0 | AF32: 0 | AG32: 0 | AH32: 0 | AI32: 0 | AJ32: 0 | AK32: =SUM(F32:AJ32) -> 0
D33: 30 | E33: h/h black maroon | F33: 0 | G33: 0 | H33: 0 | I33: 0 | J33: 0 | K33: 0 | L33: 0 | M33: 0 | N33: 0 | O33: 0 | P33: 0 | Q33: 0 | R33: 0 | S33: 0 | T33: 0 | U33: 0 | V33: 0 | W33: 0 | X33: 0 | Y33: 0 | Z33: 0 | AA33: 0 | AB33: 0 | AC33: 0 | AD33: 0 | AE33: 0 | AF33: 0 | AG33: 0 | AH33: 0 | AI33: 0 | AJ33: 0 | AK33: =SUM(F33:AJ33) -> 0
D34: 31 | E34: h/h brown grey | F34: 0 | G34: 0 | H34: 0 | I34: 0 | J34: 0 | K34: 0 | L34: 0 | M34: 0 | N34: 0 | O34: 0 | P34: 0 | Q34: 0 | R34: 0 | S34: 0 | T34: 0 | U34: 0 | V34: 0 | W34: 0 | X34: 0 | Y34: 0 | Z34: 0 | AA34: 0 | AB34: 0 | AC34: 0 | AD34: 0 | AE34: 0 | AF34: 0 | AG34: 0 | AH34: 0 | AI34: 0 | AJ34: 0 | AK34: =SUM(F34:AJ34) -> 0
D35: 32 | E35: h/h black ghasleti | F35: 0 | G35: 0 | H35: 0 | I35: 0 | J35: 0 | K35: 0 | L35: 0 | M35: 0 | N35: 0 | O35: 0 | P35: 0 | Q35: 0 | R35: 0 | S35: 0 | T35: 0 | U35: 0 | V35: 0 | W35: 0 | X35: 0 | Y35: 0 | Z35: 0 | AA35: 0 | AB35: 0 | AC35: 0 | AD35: 0 | AE35: 0 | AF35: 0 | AG35: 0 | AH35: 0 | AI35: 0 | AJ35: 0 | AK35: =SUM(F35:AJ35) -> 0
D36: 33 | E36: h/h red white | F36: 0 | G36: 0 | H36: 0 | I36: 0 | J36: 0 | K36: 0 | L36: 0 | M36: 0 | N36: 0 | O36: 0 | P36: 0 | Q36: 0 | R36: 0 | S36: 0 | T36: 0 | U36: 0 | V36: 0 | W36: 0 | X36: 0 | Y36: 0 | Z36: 0 | AA36: 0 | AB36: 0 | AC36: 0 | AD36: 0 | AE36: 0 | AF36: 0 | AG36: 0 | AH36: 0 | AI36: 0 | AJ36: 0 | AK36: =SUM(F36:AJ36) -> 0
C37: 6 | D37: 34 | E37: rib black | F37: 1 | G37: 0 | H37: 1 | I37: 1 | J37: 0 | K37: 0 | L37: 1 | M37: 0 | N37: 1 | O37: 1 | P37: 1 | Q37: 0 | R37: 0 | S37: 3 | T37: 0 | U37: 2 | V37: 2 | W37: 1 | X37: 0 | Y37: 0 | Z37: 0 | AA37: 0 | AB37: 0 | AC37: 0 | AD37: 0 | AE37: 1 | AF37: 0 | AG37: 0 | AH37: 0 | AI37: 0 | AJ37: 0 | AK37: =SUM(F37:AJ37) -> 16 | AL37: =SUM(AK37:AK40) -> 25
D38: 35 | E38: rib grey malinga | F38: 2 | G38: 0 | H38: 0 | I38: 1 | J38: 1 | K38: 0 | L38: 0 | M38: 0 | N38: 0 | O38: 0 | P38: 0 | Q38: 0 | R38: 0 | S38: 0 | T38: 0 | U38: 0 | V38: 0 | W38: 0 | X38: 0 | Y38: 0 | Z38: 0 | AA38: 0 | AB38: 0 | AC38: 0 | AD38: 0 | AE38: 0 | AF38: 0 | AG38: 0 | AH38: 0 | AI38: 0 | AJ38: 0 | AK38: =SUM(F38:AJ38) -> 4
D39: 36 | E39: rib blue | F39: 0 | G39: 0 | H39: 0 | I39: 0 | J39: 0 | K39: 0 | L39: 0 | M39: 0 | N39: 0 | O39: 0 | P39: 0 | Q39: 0 | R39: 0 | S39: 0 | T39: 0 | U39: 0 | V39: 0 | W39: 0 | X39: 0 | Y39: 0 | Z39: 0 | AA39: 0 | AB39: 0 | AC39: 0 | AD39: 0 | AE39: 0 | AF39: 0 | AG39: 0 | AH39: 0 | AI39: 0 | AJ39: 0 | AK39: =SUM(F39:AJ39) -> 0
D40: 37 | E40: rib crame | F40: 1 | G40: 1 | H40: 0 | I40: 0 | J40: 0 | K40: 0 | L40: 0 | M40: 0 | N40: 0 | O40: 1 | P40: 0 | Q40: 1 | R40: 0 | S40: 1 | T40: 0 | U40: 0 | V40: 0 | W40: 0 | X40: 0 | Y40: 0 | Z40: 0 | AA40: 0 | AB40: 0 | AC40: 0 | AD40: 0 | AE40: 0 | AF40: 0 | AG40: 0 | AH40: 0 | AI40: 0 | AJ40: 0 | AK40: =SUM(F40:AJ40) -> 5

Sheet MASTER GOOD OCOTBER 2024
A2: MASTER GOOD OCOTBER 2024
A3: IMAGE | C3: NO | D3: SrNo | E3: Product Name | F3: 1 | G3: 2 | H3: 3 | I3: 4 | J3: 5 | K3: 6 | L3: 7 | M3: 8 | N3: 9 | O3: 10 | P3: 11 | Q3: 12 | R3: 13 | S3: 14 | T3: 15 | U3: 16 | V3: 17 | W3: 18 | X3: 19 | Y3: 20 | Z3: 21 | AA3: 22 | AB3: 23 | AC3: 24 | AD3: 25 | AE3: 26 | AF3: 27 | AG3: 28 | AH3: 29 | AI3: 30 | AJ3: 31 | AK3: TOTAL | AL3: GRAND TOTAL
C4: 1 | D4: 1 | E4: zip smoking white | T4: 0 | AK4: =SUM(F4:AJ4) -> 0 | AL4: =SUM(AK4:AK11) -> 0
D5: 2 | E5: zip smoking orange | AK5: =SUM(F5:AJ5) -> 0
D6: 3 | E6: zip smoking pink | AK6: =SUM(F6:AJ6) -> 0
D7: 4 | E7: zip smoking navy | AK7: =SUM(F7:AJ7) -> 0
D8: 5 | E8: zip smoking black | AK8: =SUM(F8:AJ8) -> 0
D9: 6 | E9: zip smoking red flower | AK9: =SUM(F9:AJ9) -> 0
D10: 7 | E10: zip smoking yellow | AK10: =SUM(F10:AJ10) -> 0
D11: 8 | E11: zip smoking grey | AK11: =SUM(F11:AJ11) -> 0
C12: 2 | D12: 9 | E12: dori redblack checks shirt | AK12: =SUM(F12:AJ12) -> 0 | AL12: =SUM(AK12:AK14) -> 1000
D13: 10 | E13: dori black checks shirt | AB13: 1000 | AK13: =SUM(F13:AJ13) -> 1000
D14: 11 | E14: dori red checks shirt | AK14: =SUM(F14:AJ14) -> 0
C15: 3 | D15: 12 | E15: bsy long jacket middi green | AK15: =SUM(F15:AJ15) -> 0 | AL15: =SUM(AK15:AK21) -> 0
D16: 13 | E16: bsy long jacket middi pista | AK16: =SUM(F16:AJ16) -> 0
D17: 14 | E17: bsy long jacket wine | AK17: =SUM(F17:AJ17) -> 0
D18: 15 | E18: bsy long jacket orange | AK18: =SUM(F18:AJ18) -> 0
D19: 16 | E19: bsy long jacket yellow | AK19: =SUM(F19:AJ19) -> 0
D20: 17 | E20: bsy long jacket pink | AK20: =SUM(F20:AJ20) -> 0
D21: 18 | E21: bsy long jacket grey | AK21: =SUM(F21:AJ21) -> 0
C22: 4 | D22: 19 | E22: rumali white | AK22: =SUM(F22:AJ22) -> 0 | AL22: =SUM(AK22:AK25) -> 0
D23: 20 | E23: rumali wine | AK23: =SUM(F23:AJ23) -> 0
D24: 21 | E24: rumali black | AK24: =SUM(F24:AJ24) -> 0
D25: 22 | E25: rumali maroon | AK25: =SUM(F25:AJ25) -> 0
C26: 5 | D26: 23 | E26: h/h white maroon | AK26: =SUM(F26:AJ26) -> 0 | AL26: =SUM(AK26:AK36) -> 0
D27: 24 | E27: h/h white wine | AK27: =SUM(F27:AJ27) -> 0
D28: 25 | E28: h/h white grey | AK28: =SUM(F28:AJ28) -> 0
D29: 26 | E29: h/h white pista | AK29: =SUM(F29:AJ29) -> 0
D30: 27 | E30: h/h white black | AK30: =SUM(F30:AJ30) -> 0
D31: 28 | E31: h/h red grey | AK31: =SUM(F31:AJ31) -> 0
D32: 29 | E32: h/h black green | AK32: =SUM(F32:AJ32) -> 0
D33: 30 | E33: h/h black maroon | AK33: =SUM(F33:AJ33) -> 0
D34: 31 | E34: h/h brown grey | AK34: =SUM(F34:AJ34) -> 0
D35: 32 | E35: h/h black ghasleti | AK35: =SUM(F35:AJ35) -> 0
D36: 33 | E36: h/h red white | AK36: =SUM(F36:AJ36) -> 0
C37: 6 | D37: 34 | E37: rib black | AK37: =SUM(F37:AJ37) -> 0 | AL37: =SUM(AK37:AK40) -> 0
D38: 35 | E38: rib grey malinga | AK38: =SUM(F38:AJ38) -> 0
D39: 36 | E39: rib blue | AK39: =SUM(F39:AJ39) -> 0
D40: 37 | E40: rib crame | AK40: =SUM(F40:AJ40) -> 0
